-2.594008110463619232e-02,-1.443674322217702866e-02,-4.411583393812179565e-02,-7.300850749015808105e-02,-9.845259040594100952e-02,1.127441972494125366e-01,-1.054997369647026062e-01,-9.368384629487991333e-02,1.683147102594375610e-01,5.585669353604316711e-02,1.846252568066120148e-02,-2.561103925108909607e-02,4.071025177836418152e-02,5.655977874994277954e-02,-1.171754375100135803e-01,-9.374330192804336548e-02,1.381538063287734985e-01,1.306085437536239624e-01,-2.537145838141441345e-02,-9.347966313362121582e-02,-9.509868919849395752e-02,5.364504829049110413e-02,-7.561577111482620239e-02,5.139701813459396362e-02,4.335204139351844788e-02,1.034472286701202393e-01,-3.933471068739891052e-02,-7.456228137016296387e-02,-1.258182674646377563e-01,6.860183924436569214e-02,3.606339544057846069e-02,7.410284131765365601e-02,8.826085925102233887e-02,-5.782521516084671021e-02,7.919668406248092651e-02,-6.152909249067306519e-02,-1.230742409825325012e-01,1.521988511085510254e-01
8.970716153271496296e-04,4.534247145056724548e-02,-7.325872778892517090e-02,-5.109442770481109619e-02,-6.614066660404205322e-02,5.490707606077194214e-02,-8.424707502126693726e-02,-1.106257662177085876e-01,1.746431440114974976e-01,5.896759033203125000e-02,1.432288438081741333e-02,-5.733552575111389160e-02,4.941316321492195129e-02,4.751344397664070129e-02,-7.998219877481460571e-02,-8.791549503803253174e-02,1.525736451148986816e-01,1.154153421521186829e-01,-1.503475476056337357e-02,-7.613789290189743042e-02,-6.027174368500709534e-02,5.016376823186874390e-02,-2.455903403460979462e-02,-9.262675419449806213e-03,2.142940834164619446e-02,1.131523102521896362e-01,-6.661883741617202759e-02,-7.986865192651748657e-02,-7.084429264068603516e-02,-1.172877382487058640e-03,4.662096872925758362e-02,8.321317285299301147e-02,1.436799671500921249e-02,-7.759749889373779297e-02,4.173744097352027893e-02,-3.413239493966102600e-02,-1.269701868295669556e-01,9.565633535385131836e-02
7.259941101074218750e-02,5.669649317860603333e-02,-9.955328702926635742e-02,4.923054575920104980e-02,-6.855383515357971191e-02,4.776657372713088989e-02,-4.073446150869131088e-03,-4.478925839066505432e-02,6.871992349624633789e-02,2.019036002457141876e-02,-5.730392411351203918e-02,2.236295305192470551e-02,5.916556343436241150e-02,-2.100015804171562195e-02,-6.661324203014373779e-02,-9.941982477903366089e-02,7.407243549823760986e-02,2.587637677788734436e-02,-2.323513291776180267e-02,-3.051052615046501160e-02,-3.011985449120402336e-03,3.111744485795497894e-02,-1.963141746819019318e-02,5.255487561225891113e-02,-5.554822832345962524e-02,2.288817986845970154e-02,-3.920430690050125122e-02,9.650346823036670685e-03,-7.006369531154632568e-02,7.650503423064947128e-03,1.597860082983970642e-02,1.156333088874816895e-01,-7.217109203338623047e-02,-1.147352606058120728e-01,-2.320681139826774597e-02,2.104736166074872017e-03,1.635751128196716309e-02,9.932556748390197754e-02
-5.795905017293989658e-04,-2.406420372426509857e-02,-3.069726191461086273e-02,-1.202484890818595886e-01,-3.106850385665893555e-02,-2.245018444955348969e-02,-5.268687009811401367e-02,3.241125866770744324e-02,5.549423769116401672e-02,2.673643175512552261e-03,1.078092120587825775e-02,6.591866910457611084e-02,-1.124485861510038376e-02,4.358059167861938477e-02,-3.028223291039466858e-02,1.177460607141256332e-02,-4.784777760505676270e-02,-1.152994297444820404e-02,8.428479544818401337e-03,-5.158670619130134583e-02,-2.977135032415390015e-02,8.862869814038276672e-03,3.929172083735466003e-02,3.498860448598861694e-02,-5.098103359341621399e-02,-3.245872631669044495e-02,1.697235181927680969e-02,1.078676804900169373e-02,-3.263392299413681030e-02,-1.717378757894039154e-02,3.666807338595390320e-02,-9.124634671024978161e-04,-1.516879163682460785e-02,-4.411864653229713440e-02,-4.489687830209732056e-02,2.405257523059844971e-02,8.767801523208618164e-02,2.011817134916782379e-02
3.631475567817687988e-02,-1.062454748898744583e-02,1.018452271819114685e-01,4.008294641971588135e-02,2.177315652370452881e-01,-1.235028803348541260e-01,9.128064662218093872e-02,8.835712820291519165e-02,-6.875746697187423706e-02,-5.141652654856443405e-03,-6.364153814502060413e-04,-4.024692997336387634e-02,-9.169227629899978638e-02,-3.297450393438339233e-02,1.277127414941787720e-01,1.296395361423492432e-01,-1.477621309459209442e-02,-1.363144069910049438e-01,-5.094048380851745605e-02,1.260475367307662964e-01,4.922606050968170166e-02,8.358323946595191956e-03,7.401490956544876099e-02,9.286483982577919960e-04,6.553505361080169678e-02,-7.041786611080169678e-02,7.398199290037155151e-03,6.257137656211853027e-02,9.187167882919311523e-02,-1.050048023462295532e-01,-2.274019084870815277e-02,-1.072943327017128468e-03,-1.276157200336456299e-01,7.084068655967712402e-02,-1.228681579232215881e-01,4.694106429815292358e-02,7.032530009746551514e-02,-1.842585951089859009e-01
1.631924323737621307e-02,1.689065829850733280e-03,1.095492392778396606e-01,9.149592369794845581e-02,1.050947383046150208e-01,-1.229049190878868103e-01,1.240272223949432373e-01,7.025003433227539062e-02,-1.880038976669311523e-01,-7.440930604934692383e-02,-4.837851971387863159e-02,1.321539934724569321e-02,-6.137580052018165588e-02,-2.664614468812942505e-02,8.889970928430557251e-02,1.316626518964767456e-01,-6.115491688251495361e-02,-1.614295840263366699e-01,1.181202847510576248e-02,7.530447840690612793e-02,8.858277648687362671e-02,-5.931434407830238342e-02,3.820515796542167664e-02,-2.972165867686271667e-02,-3.024911694228649139e-02,-4.853297024965286255e-02,4.293359071016311646e-02,1.349604427814483643e-01,1.176433116197586060e-01,-2.123533561825752258e-02,-8.309858292341232300e-02,-4.764795675873756409e-02,-7.753075659275054932e-02,4.243131726980209351e-02,-6.214603409171104431e-02,4.329414293169975281e-02,1.019052863121032715e-01,-9.406963735818862915e-02
-2.209887094795703888e-02,8.477234281599521637e-03,6.111779715865850449e-03,3.062204085290431976e-02,-1.112386398017406464e-02,5.585583858191967010e-03,3.631038591265678406e-02,5.355541780591011047e-02,-1.389228850603103638e-01,-3.888231888413429260e-02,6.305055320262908936e-02,8.164219907484948635e-04,-2.952914685010910034e-02,-1.721335574984550476e-02,6.196800991892814636e-02,3.407468274235725403e-02,-1.894970424473285675e-02,2.798094647005200386e-03,-2.309319330379366875e-03,6.103104911744594574e-03,1.693908357992768288e-03,-3.472353518009185791e-02,-1.212755776941776276e-02,-4.954497888684272766e-02,-3.345132619142532349e-02,-1.487843226641416550e-02,9.737117215991020203e-03,2.835786715149879456e-02,2.030262351036071777e-02,-2.862070873379707336e-02,-6.188816577196121216e-02,-9.888650476932525635e-02,5.605506524443626404e-02,8.237864077091217041e-02,-1.652485458180308342e-03,-4.232502356171607971e-02,-2.719905786216259003e-02,-2.293548919260501862e-02
-2.459479263052344322e-03,-1.606173813343048096e-03,-8.354679681360721588e-03,3.746527060866355896e-02,1.269775349646806717e-02,1.060452461242675781e-01,-3.030480258166790009e-02,-6.328851729631423950e-02,7.094718515872955322e-02,5.232474207878112793e-02,2.138980105519294739e-02,-1.118788868188858032e-01,3.552003577351570129e-02,-8.691173046827316284e-03,-5.797110497951507568e-02,-5.652832239866256714e-02,1.284756064414978027e-01,4.754440858960151672e-02,-8.445950224995613098e-03,-2.907774969935417175e-02,-7.570966333150863647e-02,-1.834391499869525433e-03,5.018199793994426727e-03,2.857125736773014069e-02,1.017496138811111450e-01,1.346245501190423965e-02,-4.797685146331787109e-02,-9.383514523506164551e-02,-2.683721855282783508e-02,8.059088140726089478e-02,1.898041553795337677e-02,-8.747836574912071228e-03,4.967635497450828552e-02,-3.885038942098617554e-02,2.186101116240024567e-02,-4.228043556213378906e-02,-1.482566148042678833e-01,5.152971297502517700e-02
-2.275726012885570526e-02,-1.896263845264911652e-02,7.070296257734298706e-02,-8.541690558195114136e-02,2.465906925499439240e-02,-1.836411058902740479e-01,5.384244397282600403e-02,1.129227653145790100e-01,-1.011153310537338257e-01,-4.902738332748413086e-02,-1.004130952060222626e-02,6.861628964543342590e-03,-1.059553176164627075e-01,1.522773224860429764e-02,2.185837365686893463e-02,1.568893045186996460e-01,-1.682426631450653076e-01,-1.310777664184570312e-01,2.056623809039592743e-03,5.816552042961120605e-02,5.759298428893089294e-02,4.706420376896858215e-02,9.963276982307434082e-02,3.657530294731259346e-03,-2.494738996028900146e-02,-1.442454159259796143e-01,2.898568054661154747e-03,5.123001709580421448e-02,7.612742483615875244e-02,-5.636824667453765869e-02,-3.418835625052452087e-02,-5.790138617157936096e-02,-2.790910378098487854e-02,2.020895667374134064e-02,-2.143861725926399231e-02,5.751132592558860779e-02,1.827824860811233521e-01,-1.100982725620269775e-01
2.547983452677726746e-02,-1.759975217282772064e-02,-1.152220293879508972e-01,2.668385952711105347e-02,-1.309506744146347046e-01,1.134564802050590515e-01,-1.021896459860727191e-04,-1.145301833748817444e-01,1.458091884851455688e-01,3.467765077948570251e-02,-6.984550505876541138e-02,-2.572615630924701691e-03,7.110989838838577271e-02,-4.196135699748992920e-02,-1.183721497654914856e-01,-1.158235222101211548e-01,8.045493811368942261e-02,8.611333370208740234e-02,-4.569484293460845947e-02,-1.016465052962303162e-01,-4.573581367731094360e-02,-8.934944868087768555e-03,-9.587138146162033081e-02,3.152915462851524353e-02,-2.092422917485237122e-02,7.711961120367050171e-02,4.780771210789680481e-02,-3.267451375722885132e-02,-1.004516556859016418e-01,8.907850086688995361e-02,1.155309099704027176e-02,1.427376866340637207e-01,5.323561839759349823e-03,-1.147104427218437195e-01,8.177680894732475281e-03,-3.987084701657295227e-02,-8.159704506397247314e-02,8.726432919502258301e-02
-1.765931956470012665e-02,3.772079199552536011e-02,-9.337913244962692261e-02,-4.227897897362709045e-02,-7.880788296461105347e-02,4.036970064043998718e-02,-8.100438863039016724e-02,-3.296977281570434570e-02,1.099280118942260742e-01,-2.730413572862744331e-03,3.530148416757583618e-02,-1.286622788757085800e-02,7.473289221525192261e-02,4.091333225369453430e-02,-6.794061511754989624e-02,-4.079196229577064514e-02,3.204093128442764282e-02,7.190401852130889893e-02,1.123701501637697220e-02,-7.190717011690139771e-02,4.179926589131355286e-03,4.594882205128669739e-02,-3.975959494709968567e-02,5.365467071533203125e-02,1.126977894455194473e-02,4.264821484684944153e-02,3.203125670552253723e-02,-2.085500396788120270e-02,-7.158811390399932861e-02,5.443921312689781189e-03,1.922841928899288177e-02,8.292035013437271118e-02,2.254888229072093964e-02,-6.128384917974472046e-02,1.540994364768266678e-02,-2.987046353518962860e-02,-8.649427443742752075e-03,2.786871045827865601e-02
-5.980203673243522644e-02,3.089318610727787018e-02,-6.174344196915626526e-02,-3.232308104634284973e-02,-2.925220690667629242e-02,1.136828660964965820e-01,-9.313473850488662720e-02,-1.151131987571716309e-01,1.030748859047889709e-01,-8.614818565547466278e-03,3.455780446529388428e-02,-7.757328450679779053e-02,3.324848785996437073e-02,6.188941746950149536e-02,-6.819326430559158325e-02,-8.454133570194244385e-02,1.480192542076110840e-01,1.150857880711555481e-01,5.564006045460700989e-03,-1.086684763431549072e-01,-7.261943817138671875e-02,3.527279570698738098e-02,-6.321517378091812134e-02,7.114195730537176132e-03,8.677844703197479248e-02,1.085393726825714111e-01,-5.295516923069953918e-02,-9.910444170236587524e-02,-4.417899250984191895e-02,1.933530159294605255e-02,1.690900698304176331e-02,7.230246905237436295e-03,7.788677513599395752e-02,-4.416782781481742859e-02,5.187115445733070374e-02,-5.244065076112747192e-02,-1.595019102096557617e-01,1.236400976777076721e-01
-3.557909652590751648e-02,1.427963189780712128e-02,4.612317308783531189e-02,5.712297931313514709e-02,1.662989892065525055e-02,-9.512839838862419128e-03,3.638599067926406860e-02,5.142401531338691711e-02,-1.248451694846153259e-01,9.969213046133518219e-03,-8.313491125591099262e-04,7.032953947782516479e-02,-1.080895680934190750e-02,-1.042587682604789734e-02,1.434526126831769943e-02,5.933224409818649292e-02,-4.603322595357894897e-02,-5.087244883179664612e-02,9.756272193044424057e-04,5.765290558338165283e-02,2.803573571145534515e-02,-2.651656977832317352e-02,6.681382656097412109e-02,-1.076977816410362720e-03,-3.787433728575706482e-02,-8.639311790466308594e-02,3.114968910813331604e-02,9.798241779208183289e-03,7.676953077316284180e-02,1.030201558023691177e-02,-8.186329156160354614e-02,-9.681340306997299194e-02,6.619884073734283447e-02,1.113194301724433899e-01,1.642990275286138058e-03,-2.461872063577175140e-02,-2.057257108390331268e-02,-5.039172247052192688e-02
3.695937246084213257e-02,2.983818203210830688e-02,5.882060155272483826e-02,5.780870467424392700e-02,7.970836758613586426e-02,-3.252122923731803894e-02,3.765562921762466431e-02,1.728345081210136414e-02,-8.470674604177474976e-02,1.353161968290805817e-02,-3.957115113735198975e-02,-4.262684378772974014e-03,-8.114725351333618164e-02,-7.833621650934219360e-02,3.842069581151008606e-02,4.850603640079498291e-02,-1.134607382118701935e-02,-4.966370761394500732e-02,-1.899069547653198242e-02,5.648873746395111084e-02,1.647043973207473755e-02,-2.671755664050579071e-02,-2.357004210352897644e-02,-2.317969687283039093e-03,2.105262689292430878e-02,-3.033383749425411224e-03,-1.232431083917617798e-02,7.423630356788635254e-02,4.318299517035484314e-02,-7.328897714614868164e-02,-6.117198243737220764e-02,-3.984446637332439423e-03,-2.300538308918476105e-02,1.955414889380335808e-03,1.946449838578701019e-02,-2.204026328399777412e-03,-1.531657949090003967e-02,-7.747431844472885132e-02
-1.324521563947200775e-02,7.191894948482513428e-02,-6.653085350990295410e-02,5.463705747388303280e-04,-4.568608105182647705e-02,1.400122493505477905e-01,-6.985449045896530151e-02,-1.319608688354492188e-01,1.556022316217422485e-01,1.456193253397941589e-02,2.688943594694137573e-02,-1.214046254754066467e-01,5.580142512917518616e-02,7.300185412168502808e-02,-8.306606858968734741e-02,-9.016352146863937378e-02,1.348459124565124512e-01,1.071662604808807373e-01,2.079951390624046326e-02,-9.251502901315689087e-02,-7.640662603080272675e-03,-5.319951847195625305e-02,-9.763348847627639771e-02,2.887226082384586334e-02,8.673382550477981567e-02,1.273913532495498657e-01,-4.426537081599235535e-02,-1.048842966556549072e-01,-5.211161077022552490e-02,1.344640105962753296e-01,5.889259278774261475e-02,2.653780765831470490e-02,5.951073393225669861e-02,-1.434216741472482681e-02,5.346312746405601501e-02,-3.864759206771850586e-02,-1.540864259004592896e-01,1.048223301768302917e-01
-3.390226513147354126e-02,6.524496525526046753e-02,5.310413241386413574e-02,3.746268525719642639e-02,6.036080792546272278e-02,2.723621437326073647e-03,6.553201377391815186e-02,3.590609505772590637e-02,-1.033832728862762451e-01,-1.351121906191110611e-02,-4.570423811674118042e-02,5.642708856612443924e-03,-3.364102914929389954e-02,-5.458776652812957764e-02,7.047572731971740723e-02,4.527659341692924500e-02,-4.226709902286529541e-02,-5.133153870701789856e-02,-1.027104929089546204e-01,6.815607845783233643e-02,8.022579550743103027e-02,7.403844036161899567e-03,-7.044252008199691772e-03,-4.056281223893165588e-02,2.457001246511936188e-02,-4.089689999818801880e-02,7.042940706014633179e-02,-7.361263968050479889e-03,6.364403665065765381e-02,1.215701084583997726e-02,-6.636621057987213135e-02,-5.547315999865531921e-02,4.736399278044700623e-02,1.521002314984798431e-02,4.920380935072898865e-02,-7.443918287754058838e-02,-3.710980340838432312e-02,-2.541567757725715637e-02
5.174508783966302872e-03,3.677815943956375122e-02,7.855180650949478149e-02,5.154270678758621216e-02,3.624100238084793091e-02,1.883327029645442963e-02,1.517957821488380432e-02,3.022227995097637177e-02,-5.473047122359275818e-02,-7.163737900555133820e-03,4.990345984697341919e-02,4.557836800813674927e-02,-1.363976597785949707e-01,-5.739713832736015320e-02,2.198406122624874115e-02,7.847554050385951996e-03,-7.515148725360631943e-03,1.847276813350617886e-03,1.643075724132359028e-03,1.046934947371482849e-01,5.464136600494384766e-03,-2.809603326022624969e-02,2.847893908619880676e-02,-7.457857578992843628e-02,-3.661710768938064575e-03,-2.724796649999916553e-04,5.544380750507116318e-03,2.397819794714450836e-02,2.217063680291175842e-02,-6.008836999535560608e-02,-5.278708413243293762e-02,-2.353985048830509186e-02,-1.886566751636564732e-03,3.109503909945487976e-02,-2.514378912746906281e-02,-3.766183182597160339e-02,-1.492710877209901810e-02,-1.330207008868455887e-02
-8.138597011566162109e-02,-1.065871771425008774e-02,-8.544995635747909546e-02,-6.056267395615577698e-02,-1.415192931890487671e-01,7.600034773349761963e-02,-5.200760066509246826e-02,-1.007879823446273804e-01,1.227892413735389709e-01,1.193856913596391678e-02,9.295409545302391052e-03,-1.922453287988901138e-03,1.013867780566215515e-01,4.763835668563842773e-02,-1.285137683153152466e-01,-1.132141724228858948e-01,2.330378070473670959e-02,1.073493584990501404e-01,7.484610378742218018e-02,-1.257272660732269287e-01,-6.283035129308700562e-02,1.818476594053208828e-03,-7.046363502740859985e-02,6.339868903160095215e-02,-4.382819682359695435e-02,7.191974669694900513e-02,-1.082329917699098587e-02,-4.565466195344924927e-02,-2.243588119745254517e-02,8.186490088701248169e-02,5.301392450928688049e-02,7.732262462377548218e-02,1.040178239345550537e-01,-9.064256399869918823e-02,6.785218417644500732e-02,-4.295569658279418945e-02,-8.834388107061386108e-02,8.653222769498825073e-02
-2.738055214285850525e-02,2.291185222566127777e-02,-3.379572415724396706e-03,2.252621389925479889e-02,-9.018301218748092651e-02,1.218845397233963013e-01,-4.397625476121902466e-02,-6.438240408897399902e-02,-1.004616450518369675e-02,-8.475511334836483002e-03,6.218663603067398071e-02,4.127358272671699524e-02,5.119682103395462036e-02,8.434478193521499634e-03,1.609553210437297821e-02,-5.652521550655364990e-02,2.770064584910869598e-02,1.589257866144180298e-01,2.335899882018566132e-02,-9.026507288217544556e-02,2.224082686007022858e-02,-5.853233486413955688e-02,-6.814711540937423706e-02,-4.788601398468017578e-02,5.785604938864707947e-02,8.776748925447463989e-02,-1.431705150753259659e-02,-1.252080053091049194e-01,-6.089320406317710876e-02,7.042323797941207886e-02,-3.941445425152778625e-02,-1.065344065427780151e-01,1.846324950456619263e-01,6.493633240461349487e-02,1.048624962568283081e-01,-8.460231870412826538e-02,-1.763040274381637573e-01,9.825302660465240479e-02
3.444864880293607712e-03,2.846087701618671417e-02,-3.911756351590156555e-02,-1.804199814796447754e-02,-2.501105144619941711e-02,1.434161365032196045e-01,-7.926873117685317993e-02,-9.767459332942962646e-02,8.707863837480545044e-02,6.526912003755569458e-02,3.418867010623216629e-03,-6.519383192062377930e-02,9.849617630243301392e-02,6.491553504019975662e-03,-4.680168628692626953e-02,-1.146124973893165588e-01,1.321148425340652466e-01,1.404355019330978394e-01,-5.662991665303707123e-03,-6.151895225048065186e-02,-4.252509400248527527e-02,-3.571793064475059509e-02,-6.733190268278121948e-02,3.288028389215469360e-02,7.418493926525115967e-02,1.276486515998840332e-01,-6.635519862174987793e-02,-8.973528444766998291e-02,-5.323665961623191833e-02,4.531397297978401184e-02,4.020930209662765265e-04,4.680253565311431885e-02,8.564812690019607544e-02,-4.306768998503684998e-02,1.007848381996154785e-01,-2.530022896826267242e-02,-1.630903482437133789e-01,1.148319989442825317e-01
-2.712811343371868134e-02,4.501742310822010040e-03,2.266157977283000946e-02,1.163207273930311203e-02,6.545396056026220322e-03,-1.736457273364067078e-02,-3.773572668433189392e-02,1.438303757458925247e-02,-5.758927762508392334e-02,2.328766137361526489e-02,3.960588201880455017e-02,9.078267030417919159e-03,-2.873419085517525673e-03,5.506566911935806274e-02,-9.320743381977081299e-03,1.912119612097740173e-02,-1.149045396596193314e-02,2.176751149818301201e-03,5.959006398916244507e-02,-9.322889894247055054e-02,2.977937832474708557e-02,-8.121988736093044281e-03,-5.168030411005020142e-02,-5.549186095595359802e-02,-6.585499504581093788e-04,5.105402320623397827e-02,-7.916775066405534744e-04,-1.949487254023551941e-02,7.312343269586563110e-02,1.154035888612270355e-02,-1.257647876627743244e-03,-7.301534712314605713e-02,1.449985504150390625e-01,7.676273584365844727e-02,4.436587169766426086e-02,-8.733950555324554443e-02,-9.168151021003723145e-02,2.064679563045501709e-02
1.843974739313125610e-02,2.401545457541942596e-02,-8.043054491281509399e-02,-4.555897042155265808e-02,1.484600245021283627e-03,2.179715223610401154e-02,-5.094913765788078308e-02,-5.766790732741355896e-02,1.093388944864273071e-01,-2.361318841576576233e-02,1.873377943411469460e-03,-5.224715545773506165e-02,2.249796129763126373e-02,3.230012720450758934e-03,-4.005964845418930054e-02,7.421221816912293434e-04,4.247526079416275024e-02,1.400189287960529327e-02,-1.706110686063766479e-02,-2.070955559611320496e-02,-8.552852272987365723e-02,4.980257526040077209e-02,4.381671547889709473e-03,2.697093971073627472e-02,5.233370512723922729e-02,3.985187783837318420e-02,1.297306362539529800e-02,-5.643198266625404358e-03,-4.372628405690193176e-02,-1.368440315127372742e-02,5.598807707428932190e-02,8.534525334835052490e-02,-8.818222582340240479e-02,-8.261133730411529541e-02,-2.859128825366497040e-02,3.541819751262664795e-02,3.341456875205039978e-02,2.354180999100208282e-02
4.241133481264114380e-02,-1.906884089112281799e-02,-8.860123902559280396e-02,1.620932831428945065e-03,-1.235551089048385620e-01,9.174671024084091187e-02,-2.464479766786098480e-02,-4.314245283603668213e-02,1.162657961249351501e-01,5.550505220890045166e-02,-1.949091814458370209e-02,2.957486920058727264e-02,1.184110641479492188e-01,-4.530264777713455260e-05,-1.200725138187408447e-01,-6.401786208152770996e-02,2.642690576612949371e-02,4.956816881895065308e-02,-5.201951600611209869e-03,-7.542222738265991211e-02,-1.161593720316886902e-01,3.535454347729682922e-02,-7.698751054704189301e-03,4.830473288893699646e-02,-1.514112576842308044e-02,4.345438629388809204e-02,-3.547965362668037415e-02,-4.207973554730415344e-02,-5.666350945830345154e-02,3.910692781209945679e-02,6.729273498058319092e-02,8.548519015312194824e-02,7.555364817380905151e-02,-7.014905661344528198e-02,1.926911994814872742e-02,-2.337204851210117340e-02,-1.619883067905902863e-02,5.445792898535728455e-02
4.242619872093200684e-02,-1.998256193473935127e-03,-3.556887060403823853e-02,3.718293085694313049e-02,-3.788944706320762634e-02,2.314617298543453217e-02,6.237145513296127319e-02,-2.174545638263225555e-02,5.250976607203483582e-02,4.589443281292915344e-02,-7.297214865684509277e-02,9.015551954507827759e-02,3.611881053075194359e-03,-9.593242406845092773e-02,-4.896378517150878906e-02,-5.656862631440162659e-02,-4.721744917333126068e-03,-2.782284468412399292e-02,-5.981639400124549866e-02,9.980836883187294006e-03,5.946686142124235630e-04,-2.890281565487384796e-02,3.924520313739776611e-02,3.864676132798194885e-02,-9.508970379829406738e-02,2.592438645660877228e-02,5.444456636905670166e-02,8.353868871927261353e-02,-2.594292163848876953e-02,1.584135554730892181e-02,-1.509250979870557785e-02,1.299584507942199707e-01,-8.389303833246231079e-02,-1.045321896672248840e-01,-4.066443443298339844e-02,-2.515737432986497879e-03,9.510057978332042694e-03,4.482300579547882080e-02
5.633162334561347961e-02,3.159561753273010254e-02,9.694396704435348511e-02,1.078908517956733704e-01,1.401078701019287109e-01,-1.192651614546775818e-01,1.183786839246749878e-01,9.640752524137496948e-02,-1.271111220121383667e-01,-3.360835090279579163e-02,-5.845803022384643555e-02,1.120098214596509933e-02,-1.272509098052978516e-01,-7.757519930601119995e-02,8.923228830099105835e-02,1.333350539207458496e-01,-9.007279574871063232e-02,-1.650301665067672729e-01,-2.769072167575359344e-02,1.436782032251358032e-01,1.031461879611015320e-01,-2.423487417399883270e-02,8.837380260229110718e-02,-6.123332679271697998e-02,-1.249651983380317688e-02,-1.121989265084266663e-01,7.232724875211715698e-02,1.351883858442306519e-01,7.715228199958801270e-02,-6.123576313257217407e-02,-5.846871808171272278e-02,-2.578561007976531982e-02,-1.678907573223114014e-01,5.103252455592155457e-02,-1.390690356492996216e-01,7.328750193119049072e-02,1.506790071725845337e-01,-1.334001868963241577e-01
2.804507687687873840e-02,6.773700565099716187e-02,-3.911017253994941711e-02,4.175743833184242249e-02,-7.190170139074325562e-02,1.439692676067352295e-01,-3.664222732186317444e-02,-8.766857534646987915e-02,7.262887805700302124e-02,7.096080109477043152e-03,3.771165385842323303e-02,1.639158278703689575e-02,2.659210935235023499e-02,-4.099795967340469360e-02,-1.759369298815727234e-02,-7.927385717630386353e-02,1.522884815931320190e-01,1.624808311462402344e-01,-1.121076941490173340e-02,-4.220566898584365845e-02,-3.061957098543643951e-02,1.293877605348825455e-02,-9.549733251333236694e-02,-2.865212596952915192e-02,-1.781945116817951202e-03,1.179899126291275024e-01,-2.486190944910049438e-02,-5.909064784646034241e-02,-9.560431540012359619e-02,2.207549847662448883e-02,-2.559594064950942993e-02,-1.561570633202791214e-02,4.444722831249237061e-02,-1.895997859537601471e-02,6.075210124254226685e-02,-5.060668289661407471e-02,-1.950460076332092285e-01,1.360255777835845947e-01
3.252992033958435059e-02,4.792305827140808105e-02,-3.138148412108421326e-02,-5.856001004576683044e-02,-3.963949158787727356e-02,2.710023708641529083e-02,-6.085012853145599365e-02,-8.720966055989265442e-03,1.269009858369827271e-01,2.049225009977817535e-02,1.823728159070014954e-02,-1.706293434835970402e-03,-4.066319018602371216e-02,-3.462694212794303894e-02,-8.791022934019565582e-03,-4.916590824723243713e-02,4.074548557400703430e-02,5.976309627294540405e-02,1.886421069502830505e-02,-7.193717360496520996e-02,-5.288035050034523010e-02,8.225324749946594238e-02,-6.278255581855773926e-02,5.168540775775909424e-02,-3.357170894742012024e-02,8.880545943975448608e-02,4.884142428636550903e-03,2.487616613507270813e-03,-1.296864300966262817e-01,-2.263990603387355804e-02,4.581356421113014221e-02,6.367619335651397705e-02,-7.624921947717666626e-02,-7.652900367975234985e-02,1.864999905228614807e-02,1.649271696805953979e-03,8.943751454353332520e-03,6.392686814069747925e-02
2.860085666179656982e-02,-4.249136429280042648e-03,-4.192671331111341715e-04,-1.210508793592453003e-01,-3.757167235016822815e-02,4.301441833376884460e-02,-4.210844635963439941e-02,-3.102331608533859253e-02,7.943929731845855713e-02,2.025965973734855652e-02,-4.377901088446378708e-03,7.457140367478132248e-03,2.633295208215713501e-02,4.459616914391517639e-02,-6.547354161739349365e-02,-1.651243679225444794e-02,1.618882827460765839e-02,-1.754348352551460266e-02,-3.031334467232227325e-02,-3.754066675901412964e-02,-3.770019486546516418e-02,9.142185747623443604e-02,-2.214972116053104401e-02,4.604362323880195618e-02,3.169059753417968750e-02,1.771859079599380493e-02,9.547530673444271088e-03,-6.479910109192132950e-03,-7.887824624776840210e-02,-1.722831279039382935e-02,1.060112938284873962e-01,3.203321620821952820e-02,-5.189806222915649414e-02,-7.813873142004013062e-02,4.373831674456596375e-02,1.066277362406253815e-02,7.583423703908920288e-02,3.127053380012512207e-02
-4.689934849739074707e-02,-7.951434701681137085e-02,4.071701841894537210e-04,-8.902898430824279785e-02,-1.613990031182765961e-02,-6.443881243467330933e-02,-7.692734152078628540e-02,-3.125923499464988708e-02,2.438010089099407196e-02,2.539755962789058685e-02,-4.461790621280670166e-02,-1.673245988786220551e-02,3.145966678857803345e-02,1.013197004795074463e-01,-2.956229634582996368e-02,3.551504015922546387e-02,-5.254616588354110718e-02,-5.991766974329948425e-02,-3.242277074605226517e-03,-3.341533243656158447e-02,-3.892044350504875183e-02,8.464552462100982666e-02,2.645404450595378876e-02,5.534619465470314026e-02,-2.531387470662593842e-02,-6.823752820491790771e-02,-3.800422325730323792e-02,-1.751947775483131409e-02,-2.284784242510795593e-02,2.040562778711318970e-02,1.061295941472053528e-01,1.030888967216014862e-02,1.112850615754723549e-03,2.654526382684707642e-03,3.802513238042593002e-03,3.324468806385993958e-02,6.805960834026336670e-02,-3.201670572161674500e-02
2.107433229684829712e-02,-9.029397740960121155e-03,-6.095064058899879456e-02,-7.610644400119781494e-02,6.113236304372549057e-03,6.533218547701835632e-03,-3.902225941419601440e-02,7.416191976517438889e-03,1.054059043526649475e-01,-2.707571722567081451e-02,-7.854823023080825806e-03,-2.977511845529079437e-02,5.401292443275451660e-02,7.450778502970933914e-03,-3.763971850275993347e-02,2.861583780031651258e-04,-5.833709612488746643e-02,-3.709138929843902588e-02,-8.030834794044494629e-02,-1.027931645512580872e-02,-3.078293241560459137e-02,5.722855404019355774e-02,5.919272080063819885e-04,7.199410349130630493e-02,2.939303964376449585e-02,2.400985546410083771e-02,2.150399237871170044e-02,4.835281893610954285e-02,-7.239927351474761963e-02,2.429462969303131104e-02,4.383247718214988708e-02,1.176791191101074219e-01,-4.407874867320060730e-02,-1.014809682965278625e-01,2.956586517393589020e-02,2.392711862921714783e-02,1.077472120523452759e-01,-1.293614506721496582e-02
-8.460672944784164429e-02,4.810381308197975159e-02,-6.841290276497602463e-03,1.010068878531455994e-01,5.725522059947252274e-03,-6.386632099747657776e-03,5.375406518578529358e-02,-1.567144505679607391e-02,-9.289471060037612915e-02,6.763509474694728851e-03,-1.294268667697906494e-02,-9.343102574348449707e-03,2.926732785999774933e-02,-2.428044937551021576e-02,7.151944190263748169e-02,-2.793143503367900848e-02,-2.975713228806853294e-03,1.336191315203905106e-02,-1.833719387650489807e-02,5.330994352698326111e-02,3.458043187856674194e-02,-4.227660223841667175e-02,-1.699839346110820770e-02,-2.222862467169761658e-02,4.324175789952278137e-02,-1.491971220821142197e-02,2.196701988577842712e-02,2.681440487504005432e-02,9.326784312725067139e-02,-1.469231676310300827e-02,-4.984589666128158569e-02,-5.838536471128463745e-02,5.664733052253723145e-02,6.531770527362823486e-02,3.679137304425239563e-02,-1.692927442491054535e-02,-9.368781745433807373e-02,-3.659742325544357300e-02
9.194193780422210693e-02,-2.056302130222320557e-02,-2.578259445726871490e-02,-1.093865279108285904e-02,2.602754160761833191e-02,1.021260395646095276e-03,-1.416151644662022591e-03,-4.693896695971488953e-02,1.160513535141944885e-01,5.437846854329109192e-02,-2.405747584998607635e-02,-7.421446591615676880e-02,-2.873170934617519379e-02,1.248674117960035801e-03,3.103073686361312866e-02,2.036772668361663818e-02,1.019934862852096558e-01,-5.443095788359642029e-02,-5.252496153116226196e-02,6.206143274903297424e-02,-5.122582241892814636e-02,1.509975828230381012e-02,4.552630707621574402e-02,7.185531407594680786e-02,5.207081139087677002e-02,-2.476235851645469666e-02,-3.346793353557586670e-02,1.041399221867322922e-02,-4.185063019394874573e-02,-2.949255704879760742e-02,2.079438790678977966e-02,8.022328466176986694e-02,-1.525863558053970337e-01,-8.518841862678527832e-02,-1.076369956135749817e-01,8.114755898714065552e-02,3.065062314271926880e-02,-4.907378926873207092e-02
3.750086575746536255e-02,-6.641095969825983047e-03,-2.590084820985794067e-02,-5.554025247693061829e-02,1.196938659995794296e-02,4.755659773945808411e-02,-6.708999723196029663e-02,-3.333657979965209961e-02,1.339684128761291504e-01,-2.926444448530673981e-02,-1.906128972768783569e-02,-3.392140939831733704e-02,3.818520903587341309e-02,1.236902549862861633e-02,-5.606303736567497253e-02,-2.768757194280624390e-02,1.661766134202480316e-02,4.842079803347587585e-02,-2.648981288075447083e-02,-6.587642431259155273e-02,-7.769253849983215332e-02,4.455115273594856262e-02,-9.295294294133782387e-04,6.067840382456779480e-02,5.432326719164848328e-02,8.200161904096603394e-02,-1.485202112235128880e-03,-3.655247017741203308e-02,-9.378774464130401611e-02,-9.158318862318992615e-03,6.365890800952911377e-02,2.429862692952156067e-02,-5.433574318885803223e-02,-5.281612277030944824e-02,1.483139209449291229e-02,2.950831688940525055e-02,2.813166752457618713e-02,5.489990487694740295e-02
5.959583818912506104e-02,5.519478395581245422e-02,2.183135785162448883e-02,9.882263094186782837e-02,8.268478512763977051e-02,-8.473186939954757690e-02,9.981506317853927612e-02,9.674205631017684937e-02,-1.387499272823333740e-01,-1.458146795630455017e-02,-6.975993514060974121e-02,4.767631366848945618e-02,-1.054014712572097778e-01,-1.417063325643539429e-01,8.840806037187576294e-02,6.987460702657699585e-02,-6.620298326015472412e-02,-6.890445947647094727e-02,-3.868890181183815002e-02,1.347257941961288452e-01,3.282215818762779236e-02,-4.909845534712076187e-03,-1.170313917100429535e-02,-3.740494325757026672e-02,-4.041077941656112671e-02,-4.496470466256141663e-02,8.465852588415145874e-02,1.061590835452079773e-01,7.132513076066970825e-02,4.620810039341449738e-03,-1.267074644565582275e-01,2.841065451502799988e-02,-3.196714445948600769e-02,-2.354957687202841043e-04,-1.714421622455120087e-02,3.355237888172268867e-03,-4.564892873167991638e-02,-6.124230474233627319e-02
-3.816885501146316528e-02,5.702141299843788147e-02,4.202495515346527100e-02,9.071362018585205078e-02,8.600701391696929932e-02,1.699607074260711670e-02,2.554419077932834625e-02,-5.228009540587663651e-03,-3.933879360556602478e-02,-3.768911212682723999e-02,-1.297643408179283142e-02,-3.061758913099765778e-02,3.564214706420898438e-02,-3.096600621938705444e-02,8.175067603588104248e-02,-9.579033590853214264e-03,1.715323701500892639e-02,1.682123728096485138e-02,2.663026750087738037e-02,1.220247428864240646e-02,2.017377316951751709e-02,-6.582769006490707397e-02,-5.702785775065422058e-02,-4.911734163761138916e-02,3.622119128704071045e-02,5.522558465600013733e-02,3.147951886057853699e-02,-2.460289187729358673e-02,2.570065483450889587e-02,3.464098647236824036e-02,-2.705270424485206604e-02,-8.526995033025741577e-02,-3.544586524367332458e-02,4.414734989404678345e-02,2.798003517091274261e-02,1.967577918549068272e-05,-6.677643209695816040e-02,-4.529614467173814774e-03
5.603327881544828415e-03,-2.069089189171791077e-02,-1.962499134242534637e-02,-6.943196803331375122e-02,-6.975609809160232544e-02,7.029669731855392456e-02,-6.388567388057708740e-02,1.755106379278004169e-03,1.518526226282119751e-01,2.421000786125659943e-02,-1.993162184953689575e-02,8.481934200972318649e-04,2.594702877104282379e-03,2.637552842497825623e-02,-4.247757792472839355e-02,-6.622441112995147705e-02,9.829233586788177490e-02,5.170289427042007446e-02,-1.633897796273231506e-02,-2.469133771955966949e-02,-7.107660174369812012e-02,3.339119628071784973e-02,-4.052267223596572876e-02,6.316519528627395630e-02,3.846818953752517700e-02,8.434153348207473755e-02,7.732795085757970810e-03,-6.469658017158508301e-02,-1.329865753650665283e-01,-1.440113992430269718e-03,1.747917197644710541e-02,5.010868608951568604e-02,-5.304576829075813293e-02,-8.940687775611877441e-02,5.395362898707389832e-02,-3.072394058108329773e-02,2.819127775728702545e-02,2.176848426461219788e-02
-2.411360293626785278e-02,2.192857675254344940e-02,7.936982065439224243e-02,1.347679924219846725e-02,8.137224614620208740e-02,-5.363198369741439819e-02,5.300002172589302063e-02,5.982963368296623230e-02,-1.091259494423866272e-01,-2.012713998556137085e-02,-4.624696914106607437e-03,5.754156969487667084e-03,-3.455833345651626587e-02,-2.147220261394977570e-02,5.351159721612930298e-02,2.727840282022953033e-02,-6.858683377504348755e-02,5.198589526116847992e-03,1.589446142315864563e-02,4.290895909070968628e-02,5.852625891566276550e-02,-3.273507580161094666e-02,1.046184822916984558e-02,-1.774764247238636017e-02,3.571487218141555786e-02,-3.623912110924720764e-02,-5.614477675408124924e-03,-7.022965233772993088e-03,6.424670666456222534e-02,-9.680071845650672913e-03,-2.803207747638225555e-02,-1.091258674860000610e-01,9.077533334493637085e-02,9.127776324748992920e-02,1.161852735094726086e-03,-5.475663021206855774e-02,-7.256268989294767380e-03,-1.946555264294147491e-02
-3.638774901628494263e-02,2.723992988467216492e-02,-1.569062098860740662e-02,3.787140920758247375e-02,-2.474594861268997192e-02,2.025854028761386871e-02,-3.181936219334602356e-02,-5.344355106353759766e-02,-4.313426464796066284e-02,2.448819577693939209e-02,2.831507846713066101e-02,-1.394016668200492859e-02,-1.856700144708156586e-02,-1.235834322869777679e-02,2.643691003322601318e-02,-1.740587875247001648e-02,9.937607496976852417e-02,3.155671432614326477e-02,-6.418751552700996399e-03,3.818426281213760376e-02,-9.495624341070652008e-03,-1.538443937897682190e-02,-1.839879713952541351e-02,-2.034933865070343018e-02,2.074238657951354980e-02,1.640782877802848816e-02,-5.192001909017562866e-02,-8.336091786623001099e-02,1.903946138918399811e-02,2.754934132099151611e-03,-5.282487347722053528e-02,-4.049640148878097534e-02,9.043683856725692749e-02,8.609565347433090210e-02,2.901594713330268860e-02,-6.288620084524154663e-02,-1.238984167575836182e-01,4.623547196388244629e-02
